<?xml version="1.0" encoding="UTF-8"?>
<project-private xmlns="http://www.netbeans.org/ns/project-private/1">
    <editor-bookmarks xmlns="http://www.netbeans.org/ns/editor-bookmarks/2" lastBookmarkId="0"/>
    <open-files xmlns="http://www.netbeans.org/ns/projectui-open-files/2">
        <group>
            <file>file:/C:/Users/Loc%20Nguyen/OneDrive/Documents/Github/Quan_Ly_Dan_Cu/src/displays/Function1Manager/NhanKhau_ThemMoi.java</file>
            <file>file:/C:/Users/Loc%20Nguyen/OneDrive/Documents/Github/Quan_Ly_Dan_Cu/src/controllers/Function1/HoKhauController.java</file>
            <file>file:/C:/Users/Loc%20Nguyen/OneDrive/Documents/Github/Quan_Ly_Dan_Cu/src/controllers/Function1/ThongKeController.java</file>
            <file>file:/C:/Users/Loc%20Nguyen/OneDrive/Documents/Github/Quan_Ly_Dan_Cu/src/displays/Function1Manager/ThongKe.java</file>
        </group>
    </open-files>
</project-private>
